{
  "_comment": "Indicator reference VALUES captured from a trusted GeoDMS build. The report (batch/generic/regression.py) judges each version's measurement against these at 0% tolerance. Regenerate deliberately via batch/capture_references.py after a trusted-build run; a normal test run never writes this file.",
  "_captured_from": "17.4.6",
  "_source_folder": "17_4_6",
  "t100": {
    "connect points": 6634150
  },
  "t102": {
    "OD cells": 7812332
  },
  "t2000": {
    "hWP_asl StartJaar": 49729,
    "hWP_asl R1_2021": 58946,
    "hWP_asl R2_2022": 69744,
    "hWP_asl R3_2023": 78945,
    "hWP_asl R4_2024": 86249,
    "hWP_asl R5_2025": 93142,
    "A_asl StartJaar": 0,
    "A_asl R1_2021": 728257,
    "A_asl R2_2022": 878020,
    "A_asl R3_2023": 1039915,
    "A_asl R4_2024": 1177874,
    "A_asl R5_2025": 1297334,
    "eWP_asl StartJaar": 560609,
    "eWP_asl R1_2021": 722164,
    "eWP_asl R2_2022": 903233,
    "eWP_asl R3_2023": 1081634,
    "eWP_asl R4_2024": 1263231,
    "eWP_asl R5_2025": 1442454,
    "gebiedsoptie_nieuw StartJaar": 0,
    "gebiedsoptie_nieuw R1_2021": 0,
    "gebiedsoptie_nieuw R2_2022": 0,
    "gebiedsoptie_nieuw R3_2023": 0,
    "gebiedsoptie_nieuw R4_2024": 4111,
    "gebiedsoptie_nieuw R5_2025": 8725
  },
  "t410": {
    "count": 176064,
    "mean": 154.73293,
    "max": 239.99937,
    "min": 2.1098754,
    "modus": 145
  },
  "t710": {
    "Population 2100": 894019008,
    "Urban 2100": 234615,
    "Buildup area 2100": 0.034366544
  },
  "t720": {
    "Population 2100": 578020431,
    "BuiltUp cells 2100": 12653121,
    "BuiltUp area 2100": 197180.27,
    "Population in urban centre 2100": 270776737
  },
  "t910": {
    "Network Efficiency": 334.64032,
    "Potential Accessibility": 46703.84,
    "Transport Performance": 22439.209,
    "Transport Performance difference (with floods)": -6906.0117,
    "Transport Accessibility difference (with floods)": -1050740032
  }
}
